<ImportExportXml version="6.1.0000.0581" SolutionPackageVersion="6.1" languagecode="1033" generatedBy="OnPremise" xmlns:xsi="http://www.w3.org/2001/XMLSchema-instance">
  <SolutionManifest>
    <UniqueName>JosephMcGregorFieldChangeHistory</UniqueName>
    <LocalizedNames>
      <LocalizedName description="Joseph McGregor Field Change History" languagecode="1033" />
    </LocalizedNames>
    <Descriptions />
    <Version>1.0.0.0</Version>
    <Managed>1</Managed>
    <Publisher>
      <UniqueName>josephmcgregor</UniqueName>
      <LocalizedNames>
        <LocalizedName description="Joseph McGregor" languagecode="1033" />
      </LocalizedNames>
      <Descriptions />
      <EMailAddress xsi:nil="true"></EMailAddress>
      <SupportingWebsiteUrl xsi:nil="true"></SupportingWebsiteUrl>
      <CustomizationPrefix>jmcg</CustomizationPrefix>
      <CustomizationOptionValuePrefix>32841</CustomizationOptionValuePrefix>
      <Addresses>
        <Address>
          <AddressNumber>1</AddressNumber>
          <AddressTypeCode>1</AddressTypeCode>
          <City xsi:nil="true"></City>
          <County xsi:nil="true"></County>
          <Country xsi:nil="true"></Country>
          <Fax xsi:nil="true"></Fax>
          <FreightTermsCode xsi:nil="true"></FreightTermsCode>
          <ImportSequenceNumber xsi:nil="true"></ImportSequenceNumber>
          <Latitude xsi:nil="true"></Latitude>
          <Line1 xsi:nil="true"></Line1>
          <Line2 xsi:nil="true"></Line2>
          <Line3 xsi:nil="true"></Line3>
          <Longitude xsi:nil="true"></Longitude>
          <Name xsi:nil="true"></Name>
          <PostalCode xsi:nil="true"></PostalCode>
          <PostOfficeBox xsi:nil="true"></PostOfficeBox>
          <PrimaryContactName xsi:nil="true"></PrimaryContactName>
          <ShippingMethodCode>1</ShippingMethodCode>
          <StateOrProvince xsi:nil="true"></StateOrProvince>
          <Telephone1 xsi:nil="true"></Telephone1>
          <Telephone2 xsi:nil="true"></Telephone2>
          <Telephone3 xsi:nil="true"></Telephone3>
          <TimeZoneRuleVersionNumber xsi:nil="true"></TimeZoneRuleVersionNumber>
          <UPSZone xsi:nil="true"></UPSZone>
          <UTCOffset xsi:nil="true"></UTCOffset>
          <UTCConversionTimeZoneCode xsi:nil="true"></UTCConversionTimeZoneCode>
        </Address>
        <Address>
          <AddressNumber>2</AddressNumber>
          <AddressTypeCode>1</AddressTypeCode>
          <City xsi:nil="true"></City>
          <County xsi:nil="true"></County>
          <Country xsi:nil="true"></Country>
          <Fax xsi:nil="true"></Fax>
          <FreightTermsCode xsi:nil="true"></FreightTermsCode>
          <ImportSequenceNumber xsi:nil="true"></ImportSequenceNumber>
          <Latitude xsi:nil="true"></Latitude>
          <Line1 xsi:nil="true"></Line1>
          <Line2 xsi:nil="true"></Line2>
          <Line3 xsi:nil="true"></Line3>
          <Longitude xsi:nil="true"></Longitude>
          <Name xsi:nil="true"></Name>
          <PostalCode xsi:nil="true"></PostalCode>
          <PostOfficeBox xsi:nil="true"></PostOfficeBox>
          <PrimaryContactName xsi:nil="true"></PrimaryContactName>
          <ShippingMethodCode>1</ShippingMethodCode>
          <StateOrProvince xsi:nil="true"></StateOrProvince>
          <Telephone1 xsi:nil="true"></Telephone1>
          <Telephone2 xsi:nil="true"></Telephone2>
          <Telephone3 xsi:nil="true"></Telephone3>
          <TimeZoneRuleVersionNumber xsi:nil="true"></TimeZoneRuleVersionNumber>
          <UPSZone xsi:nil="true"></UPSZone>
          <UTCOffset xsi:nil="true"></UTCOffset>
          <UTCConversionTimeZoneCode xsi:nil="true"></UTCConversionTimeZoneCode>
        </Address>
      </Addresses>
    </Publisher>
    <RootComponents>
      <RootComponent type="1" schemaName="jmcg_fieldchangeconfiguration" />
      <RootComponent type="1" schemaName="jmcg_fieldchangehistory" />
      <RootComponent type="61" schemaName="jmcg_fc_fieldchangeconfiguration.js" />
      <RootComponent type="61" schemaName="jmcg_fc_jquery.js" />
      <RootComponent type="61" schemaName="jmcg_fc_pageutility.js" />
      <RootComponent type="61" schemaName="jmcg_fc_webserviceutility.js" />
      <RootComponent type="91" schemaName="JosephM.Xrm.FieldChangeHistory.Plugins, Version=1.0.7568.22511, Culture=neutral, PublicKeyToken=1f745e6010683ed3" />
      <RootComponent type="92" id="{03222bcc-fef3-ea11-814b-000c290a70aa}" />
      <RootComponent type="92" id="{05222bcc-fef3-ea11-814b-000c290a70aa}" />
      <RootComponent type="92" id="{f7f95ab7-fef3-ea11-814b-000c290a70aa}" />
      <RootComponent type="92" id="{faf95ab7-fef3-ea11-814b-000c290a70aa}" />
      <RootComponent type="92" id="{fcf95ab7-fef3-ea11-814b-000c290a70aa}" />
    </RootComponents>
    <MissingDependencies>
      <MissingDependency>
        <Required key="0" type="1" schemaName="systemuser" displayName="User" solution="System" />
        <Dependent key="1" type="10" schemaName="jmcg_fieldchangeconfiguration_systemuser_jmcg_runpluginas" />
      </MissingDependency>
      <MissingDependency>
        <Required key="0" type="1" schemaName="systemuser" displayName="User" solution="System" />
        <Dependent key="2" type="10" schemaName="jmcg_fieldchangehistory_systemuser_jmcg_changedby" />
      </MissingDependency>
      <MissingDependency>
        <Required key="3" type="26" schemaName="User Lookup View" displayName="User Lookup View" parentSchemaName="systemuser" parentDisplayName="User" solution="System" id="{e88ca999-0b16-4ae9-b6a9-9edc840d42d8}" />
        <Dependent key="4" type="60" displayName="Information" parentDisplayName="Field Change History" id="{dc0a7cc6-7f1e-4e8c-847f-4acdbe604400}" />
      </MissingDependency>
    </MissingDependencies>
  </SolutionManifest>
</ImportExportXml>